bin_id,hour,fill_percentage
BIN_01,0,31.27
BIN_01,1,39.72
BIN_01,2,47.77
BIN_01,3,56.23
BIN_01,4,65.20
BIN_01,5,73.98
BIN_01,6,81.84
BIN_03,0,27.93
BIN_03,1,35.96
BIN_03,2,44.14
BIN_03,3,52.10
BIN_03,4,59.32
BIN_03,5,67.50
BIN_03,6,74.86
BIN_02,0,7.91
BIN_02,1,11.61
BIN_02,2,14.35
BIN_02,3,18.29
BIN_02,4,20.71
BIN_02,5,24.40
BIN_02,6,27.80
BIN_05,0,20.37
BIN_05,1,29.38
BIN_05,2,38.59
BIN_05,3,46.72
BIN_05,4,56.12
BIN_05,5,65.67
BIN_05,6,74.19
BIN_04,0,11.28
BIN_04,1,13.47
BIN_04,2,15.69
BIN_04,3,17.96
BIN_04,4,21.25
BIN_04,5,23.60
BIN_04,6,25.88
BIN_07,0,25.84
BIN_07,1,32.33
BIN_07,2,38.92
BIN_07,3,45.45
BIN_07,4,51.97
BIN_07,5,58.46
BIN_07,6,65.39
BIN_06,0,23.58
BIN_06,1,28.40
BIN_06,2,31.95
BIN_06,3,35.74
BIN_06,4,39.64
BIN_06,5,43.62
BIN_06,6,48.44
BIN_08,0,12.52
BIN_08,1,14.24
BIN_08,2,16.29
BIN_08,3,18.17
BIN_08,4,19.51
BIN_08,5,21.62
BIN_08,6,23.18
